Year,Player,POS,BODY FAT %,HAND LENGTH (inches),HAND WIDTH (inches),WEIGHT (LBS),Wingspan_Inches,Standing_Reach_Inches,Height_W_Shoes_Inches,Height_WO_Shoes_Inches
2003,Willie Green,SG-PG,8.00%,-,-,201,79.25,100,0,74.5
2003,Will McDonald,C-PF,13.60%,-,-,258,87.5,109.5,0,81.5
2003,Wesley Wilson,C-PF,12.40%,-,-,257,87,110.5,0,82.25
2003,Wayne Wallace,PF,4.60%,-,-,187,86,108,0,79.25
2003,Ugonna Okyekwe,SF,4.30%,-,-,228,87,109,0,79.25
2003,Uche Nsonwu-Amadi,PF-C,6.00%,-,-,246,87.75,106.5,0,79.75
2003,Troy Bell,PG,5.30%,-,-,178,77,97.5,0,72.25
2003,Trevor Harvey,C-PF,10.50%,-,-,245,85,109.5,0,81.5
2003,Travis Hansen,SG,6.00%,-,-,200,78.5,100.5,0,76.5
2003,Tommy Smith,PF-SF,6.70%,-,-,200,86.5,107.5,0,81
2003,Theron Smith,PF-SF,9.30%,-,-,234,82.25,104.5,0,78.5
2003,T.J. Ford,PG,6.70%,-,-,162,71.5,93.5,0,71
2003,Stephane Pelle,PF-SF,12.40%,-,-,246,86,107,0,79
2003,Souleymane Camara,PF-SF,9.90%,-,-,211,86.25,109,0,81.75
2003,Sasha Vujacic,PG-SG,14.10%,-,-,193,77.5,101,0,77.5
2003,Sani Ibrahim,C-PF,9.30%,-,-,229,85,109.5,0,80.5
2003,Sam Hoskin,PF,-%,-,-,261,82.75,107.5,0,79.25
2003,Ruben Douglas,SG,6.00%,-,-,193,79.25,100.5,0,75.5
2003,Ronald Dupree,SF-SG,6.70%,-,-,209,80.25,101,0,78
2003,Ron Slay,SF-PF,16.30%,-,-,236,82,103.5,0,78
2003,Robert Jackson,PF-C,15.90%,-,-,254,84,107.5,0,79.75
2003,Rick Anderson,SF-PF,9.90%,-,-,216,83,106.5,0,80.25
2003,Pavel Podkolzin,C,16.30%,-,-,303,89.75,116,0,87.5
2003,Nick Collison,PF,17.00%,-,-,255,85.5,108,0,80.75
2003,Mo Williams,PG-SG,6.70%,-,-,189,77.5,98.5,0,72.75
2003,Michael Sweetney,PF,14.10%,-,-,262,85,107.5,0,79.25
2003,Michael Ignerski,PF-SF,10.50%,-,-,232,82.75,107,0,81.5
2003,Matt Carroll,SG-SF,6.70%,-,-,207,78.5,98.5,0,77
2003,Matt Bonner,PF-SF,13.60%,-,-,242,80.75,105.5,0,80.5
2003,Marvin Stone,C-PF,17.40%,-,-,261,87.5,109.5,0,81.5
2003,Marquis Estill,PF-C,11.70%,-,-,257,88,108,0,80.5
2003,Marquis Daniels,SG-PG,4.00%,-,-,198,82,103.5,0,77.25
2003,Marlon Parmer,PG,9.30%,-,-,184,75.5,97,0,72.75
2003,Marcus Hatten,PG,4.00%,-,-,163,78.25,98,0,72.75
2003,Luke Walton,SF-PF,9.30%,-,-,235,80.5,104,0,79.75
2003,Luke Ridnour,PG,5.30%,-,-,167,75,95.5,0,73
2003,LeBron James,SF-SG,6.70%,-,-,245,84.25,106.25,0,79.25
2003,LaVell Blanchard,SF,11.70%,-,-,205,78,101.5,0,78
2003,Kyle Korver,SF,6.70%,-,-,211,81.5,102.5,0,78.25
2003,Kirk Penney,SG-SF,8.00%,-,-,218,77.25,97,0,77
2003,Kirk Hinrich,PG-SG,5.30%,-,-,186,78,98.5,0,74.75
2003,Keith Bogans,SG,8.00%,-,-,213,81.25,101,0,76.25
2003,Justin Hamilton,PG-SG,8.00%,-,-,217,83,103,0,75
2003,Josh Powell,PF-SF,8.00%,-,-,227,85,107.5,0,80
2003,Josh Howard,SF-SG,6.00%,-,-,202,86,105.5,0,77.25
2003,Joel Cornette,PF-SF,12.90%,-,-,239,81.25,105.5,0,80.25
2003,Joe Shipp,SG,11.70%,-,-,224,82,103,0,76
2003,Jerry Holman,PF,6.00%,-,-,232,87.25,109.5,0,80.75
2003,Jerome Beasley,SF-PF,9.90%,-,-,237,84.5,107,0,81
2003,Jermaine Boyette,PG-SG,7.30%,-,-,187,76,96,0,73
2003,Jeff Newton,PF,5.30%,-,-,199,85,106,0,80
2003,Jason Keep,C-PF,8.60%,-,-,270,84.5,106.5,0,81.75
2003,Jason Kapono,SG-SF,11.70%,-,-,215,78.5,102,0,78.5
2003,Jason Gardner,PG,9.30%,-,-,194,73,92,0,69.75
2003,James Lang,C-PF,21.40%,-,-,316,90.25,110,0,80.25
2003,James Jones,SF,6.70%,-,-,218,86.5,107.5,0,79.25
2003,Hollis Price,PG-SG,7.30%,-,-,165,76.5,94.5,0,71.5
2003,Ebi Ere,SG,14.10%,-,-,210,82.5,102,0,75.5
2003,Dwyane Wade,SG-SF,6.70%,-,-,212,82.75,102,0,75.75
2003,Doug Wrenn,SF-PF,7.30%,-,-,220,91.5,100.5,0,77.75
2003,Donald Little,PF-C,7.30%,-,-,229,87,97,0,81.5
2003,Derrick Zimmerman,PG,5.30%,-,-,190,81,96.25,0,73
2003,David West,PF-SF,8.00%,-,-,226,88.25,108.25,0,80.25
2003,Darko Milicic,PF,8.00%,-,-,250,89,111.5,0,83.5
2003,Dahntay Jones,SG-SF,2.60%,-,-,214,81,102.5,0,76.75
2003,Chris Massie,PF-C,14.80%,-,-,259,85,106.5,0,78.5
2003,Chris Marcus,C,23.10%,-,-,334,92,114,0,84
2003,Chris Kaman,C-PF,16.30%,-,-,252,83.75,110.5,0,83.5
2003,Chris Bosh,PF,8.00%,-,-,225,87.5,109,0,82.25
2003,Carmelo Anthony,SF,8.00%,-,-,233,84,105.5,0,78.25
2003,Carl English,SG-PG,8.00%,-,-,201,77.25,98.5,0,76
2003,Britton Johnsen,SF-PF,7.30%,-,-,212,82.75,107.5,0,82
2003,Brian Cook,PF-SF,10.50%,-,-,234,86,109,0,81.5
2003,Brandon Hunter,PF,8.00%,-,-,266,86.75,105.5,0,78.5
2003,Brandin Knight,PG,10.50%,-,-,190,78,95.5,0,71.75
2003,Bernard King,SG-PG,12.90%,-,-,200,77.5,98.5,0,75.75
2003,Aloysius Anagonye,PF,10.50%,-,-,257,86.5,106,0,78.75
2003,Aleksander Djuric,C-PF,16.30%,-,-,253,84,108,0,82
2004,Trevor Ariza,SG-SF,8.00%,-,-,201,86,107.5,80.25,79
2004,Tony Bobbitt,SG,7.30%,-,-,185,79,100,76,74.75
2004,Tony Allen,SG,6.70%,-,-,214,81,102,76.25,75.5
2004,Tom Timmerrmans,PF-C,15.20%,-,-,272,83,107.5,83.5,82.5
2004,Tim Pickett,PG-SG,6.00%,-,-,207,79.5,100.5,76.25,75
2004,Tim Bowers,PG-SG,2.60%,-,-,181,81,98,73.75,72.5
2004,Tiago Splitter,C-PF,5.30%,-,-,233,86,109.5,83.75,82.25
2004,TJ Cummings,SF,6.70%,-,-,215,81.5,106.5,80.75,79.5
2004,Shaun Livingston,PG-SG,6.70%,-,-,186,83,105.5,79.5,78.25
2004,Sergei Lishouk,PF-SF,10.50%,-,-,244,84,109.5,83.5,82.25
2004,Ryan Gomes,SF-PF,-%,-,-,248,86,106.5,79.75,78.5
2004,Romain Sato,SG,6.00%,-,-,204,83,102.5,75.25,74
2004,Rolando Howell,PF,11.70%,-,-,229,84.5,107,80.5,79.5
2004,Ricky Minard,PG-SG,8.00%,-,-,198,79,101.5,76.25,75.25
2004,Rickey Paulding,SG,5.30%,-,-,210,81.5,101.5,76,74.75
2004,Rich Melzer,PF-SF,12.40%,-,-,229,86,107,80.75,79.5
2004,Rashad Wright,PG,8.00%,-,-,190,82,98.5,73.75,72.5
2004,Randall Orr,PF-SF,6.70%,-,-,193,82.5,107.5,82.75,81
2004,Peter Ramos,C,6.70%,-,-,266,89.5,111.5,87.25,85.75
2004,Pape Sow,PF-C,9.30%,-,-,233,86,108.5,82,80.5
2004,Omar Quintero,PG,14.10%,-,-,170,71.5,92.5,71.25,69.75
2004,Nate Williams,PF-SF,12.40%,-,-,240,85.5,109.5,82,80.5
2004,Nate Robinson,PG,6.70%,-,-,181,73,91.5,69,67.75
2004,Misan Nikagbatse,SG-PG,12.90%,-,-,223,82,102,76.75,75.5
2004,Mike Williams,SF,9.30%,-,-,197,83.5,105.5,78.5,77.5
2004,Michel Morandais,SG-SF,8.60%,-,-,205,83.5,102,76.75,75.75
2004,Matt Freije,SF-PF,10.80%,-,-,234,85,108.5,81.5,80.25
2004,Martin Iti,C-PF,10.50%,-,-,233,89,111.5,81.75,80.5
2004,Marko Tomas,SG-PG,9.30%,-,-,198,79,103.5,79.75,78.5
2004,Marcus Moore,PG-SG,14.80%,-,-,202,81,101.5,77.25,76
2004,Marcus Melvin,SF-PF,10.50%,-,-,241,84,105.5,80.5,78.75
2004,Marcus Douthit,C-PF,13.70%,-,-,223,88,111.5,83,81.5
2004,Luol Deng,SF,6.70%,-,-,220,84.5,108.5,80,79
2004,Luke Jackson,SF-SG,8.00%,-,-,212,80.5,103,79,78
2004,Luis Flores,PG-SG,6.00%,-,-,202,79.5,98.5,73.75,72.5
2004,Lawrence Roberts,PF,9.30%,-,-,233,81.5,106.5,81,79.5
2004,Kris Humphries,PF,6.70%,-,-,238,84.5,106.5,81.5,80.25
2004,Kirk Snyder,SG-SF,9.30%,-,-,228,81,104,78.75,78
2004,Kelvin Pena,SG-PG,8.60%,-,-,182,78.5,99.5,75.25,74.25
2004,Josh Smith,SG-SF,6.70%,-,-,221,84,106.5,80.25,79
2004,Josh Childress,SG-SF,9.30%,-,-,196,83,105,79.25,77.75
2004,John Edwards,C,14.10%,-,-,264,88.5,113,85,83.25
2004,Jared Reiner,C-PF,12.90%,-,-,246,84.5,109,83.75,82
2004,James Moore,PF-SF,8.00%,-,-,198,84.5,107,80,78.5
2004,Jameer Nelson,PG,8.00%,-,-,199,74.5,95,72.5,71
2004,Jaime Lloreda,PF,9.90%,-,-,247,81.5,107,80.5,78.75
2004,Jackson Vroman,PF-C,6.70%,-,-,226,84,105.5,82.75,81.25
2004,Jackie Butler,C,16.30%,-,-,263,85.5,109,81.5,80
2004,J.R. Smith,SG-SF,6.70%,-,-,227,82,104,78.75,77.5
2004,Ivan Koljevic,PG,6.70%,-,-,172,74.5,95,74,73
2004,Herve Lamizana,SF-PF,6.70%,-,-,210,85.5,107,80.5,79.5
2004,Erik Daniels,SF-PF,18.50%,-,-,223,83,106,79.5,78.25
2004,Emeka Okafor,C-PF,5.30%,-,-,257,88,110.5,82,80.75
2004,Dylan Page,SF,12.30%,-,-,239,79,105,80.75,79.5
2004,Dwight Howard,PF-C,10.50%,-,-,240,88.5,111.5,82.25,81
2004,Drago Pasalic,PF,12.90%,-,-,231,83.5,108,82.75,81.25
2004,Devin Harris,PG,5.30%,-,-,170,79.5,98.5,75,73.75
2004,Desmon Farmer,SG,5.30%,-,-,214,80.5,103,77.75,76.5
2004,Delonte West,PG-SG,6.70%,-,-,183,78,99.5,74.75,73.5
2004,Damien Wilkins,SG-SF,7.30%,-,-,222,84,106,78,76.5
2004,Chris Garnett,C-PF,14.80%,-,-,260,85,108,81.75,80.25
2004,Chris Duhon,PG,6.70%,-,-,193,78.5,98,73.25,72
2004,Bryant Matthews,SF-SG,6.70%,-,-,206,84.5,105.5,78.75,77.75
2004,Brian Boddicker,SF-PF,11.20%,-,-,230,82,105.5,80.75,79.5
2004,Brandon Bass,PF,9.30%,-,-,246,86.5,106.5,79.25,78.25
2004,Blake Stepp,PG,8.00%,-,-,,0,0,0,0
2004,Blagota Sekulic,SF-PF,9.30%,-,-,234,83,107,82.5,81.25
2004,Bernard Robinson,SG-SF,6.00%,-,-,208,82,102,78.5,77.25
2004,Beno Udrih,PG,9.30%,-,-,199,76.5,98,75.75,74.5
2004,Ben Gordon,PG-SG,5.30%,-,-,192,80.5,99,74.25,73
2004,Arthur Johnson,PF-C,16.30%,-,-,262,87,109,80.5,79
2004,Antonio Burks,PG,9.90%,-,-,191,78.5,96.5,72.75,72
2004,Andris Biedrins,C,9.30%,-,-,,0,0,0,0
2004,Andre Iguodala,SG-SF,6.70%,-,-,217,83,105.5,78.75,77.75
2004,Andre Emmett,SG-SF,6.70%,-,-,216,81,100,76.5,75.5
2004,Andre Brown,PF-C,6.00%,-,-,236,83,107,81.5,80
2004,Andre Barrett,PG,6.70%,-,-,171,73,92,69.75,68.75
2004,Ales Chan,C,14.80%,-,-,255,87,113,86,84
2004,Aleksandar Capin,PG,9.30%,-,-,176,73.5,94,73.25,72
2004,Al Jefferson,PF-SF,10.50%,-,-,263,86.5,110,81.75,80.5
2004,Aerick Sanders,PF,6.70%,-,-,205,83.5,106,79.5,78.5
2005,Will Conroy,PG,-%,-,-,188.6,75,96.5,74,73
2005,Will Bynum,PG-SG,-%,-,-,188.8,75.5,93,71.5,70.5
2005,Wayne Simien,PF,-%,-,-,255.8,84,107,81,79.25
2005,Tre Simmons,SG-SF,-%,-,-,194.2,79.5,102.5,77,76
2005,Travis Diener,PG-SG,-%,-,-,165.2,71.75,93.5,73,71.75
2005,Taylor Coppenrath,PF-SF,-%,-,-,252.4,83.5,106.5,81.25,79.75
2005,Sharrod Ford,PF,-%,-,-,212.8,85.5,106,80.25,79.25
2005,Sean May,PF,-%,-,-,258.8,85.25,105,80.5,79
2005,Sean Banks,SF,-%,-,-,206.4,85,108,79,77.75
2005,Rudy Fernandez,SG,-%,-,-,172,79.5,101.5,78,76.75
2005,Ronny Turiaf,PF,-%,-,-,237.8,85.5,106.5,81.25,80
2005,Ronnie Price,PG,-%,-,-,184.8,77.5,96.5,74.25,72.75
2005,Roger Powell,SF,-%,-,-,218.6,83.5,104,78,76.75
2005,Robert Whaley,PF-C,-%,-,-,269.4,86,108,81,80
2005,Raymond Felton,PG,-%,-,-,199.4,76.25,98,72.25,71.5
2005,Rawle Marshall,SG-SF,-%,-,-,186.6,85,104,77.75,76.5
2005,Rashad McCants,SG,-%,-,-,201,82.75,103.5,76,74.75
2005,Omar Thomas,SF-SG,-%,-,-,200,80,102,76.5,75.25
2005,Nemanja Aleksandrov,PF-SF,-%,-,-,220.6,83,110,84,82
2005,Mustafa Al-Sayyad,PF-C,-%,-,-,,0,0,0,0
2005,Monta Ellis,SG-PG,-%,-,-,176.6,74.75,98,75.25,74.25
2005,Mindaugas Katelynas,SF-PF,-%,-,-,217,83,105.5,80.5,79.5
2005,Mike Bell,SF-PF,-%,-,-,206.2,85.5,104.5,81.25,80.75
2005,Marvin Williams,PF-SF,-%,-,-,228.2,87.5,108,80.25,79
2005,Martynas Andriuskevicius,C-PF,-%,-,-,227.8,83.25,112.5,87,85.25
2005,Martell Webster,SF,-%,-,-,229.6,83,106,79.5,78
2005,Marcus Campbell,C,-%,-,-,280.4,90,114,84.25,82.25
2005,Marcin Gortat,PF-C,-%,-,-,225.2,87.5,110,84,83
2005,Luther Head,PG-SG,-%,-,-,178.8,77.25,98.5,75,74
2005,Luke Schenscher,C,-%,-,-,241.6,89,111.5,85.5,83.75
2005,Larry O'Bannon,SG,-%,-,-,196,78,99.5,76.25,75
2005,Kevin Pittsnogle,PF,-%,-,-,259.2,82.5,106,82.25,81.25
2005,Keith Langford,SG-SF,-%,-,-,203.2,81,101,75.5,74.25
2005,Julius Hodge,SG-SF,-%,-,-,202.2,84.5,107.5,79,78
2005,Juan Mendez,PF-SF,-%,-,-,231.4,84,106.5,78.75,77.25
2005,John Lucas III,PG,-%,-,-,154.4,72,92,70.5,69.25
2005,John Gilchrist,PG,-%,-,-,195.2,81.25,96.5,74.5,73.25
2005,Joey Graham,SF,-%,-,-,216.6,80,104,78.5,77.25
2005,Jawad Williams,SF,-%,-,-,218,85.25,106.5,80,79
2005,Jason Maxiell,PF,-%,-,-,257.6,87.25,107,78.25,77
2005,Jason Klotz,C-PF,-%,-,-,249.4,82,107.5,81.75,80.5
2005,Jarrett Jack,PG,-%,-,-,197.6,79.5,100,75.5,74.5
2005,Jared Homan,C-PF,-%,-,-,248.2,85.25,104.5,80.75,79.75
2005,Ivan McFarlin,PF,-%,-,-,228.6,81,105.5,78.75,77.5
2005,Ike Diogu,PF,-%,-,-,255.4,87.5,109,80,78.5
2005,Hakim Warrick,PF-SF,-%,-,-,215,86,108,80.5,79.25
2005,Gerald Green,SF,-%,-,-,192,81.75,104,79.25,78
2005,Francisco Garcia,SF-SG,-%,-,-,189.6,82.75,103,79,77.75
2005,Ersan Ilyasova,SF,-%,-,-,208.8,85.25,109.5,81,79.75
2005,Ellis Myles,PF,-%,-,-,255.2,81.75,105.5,79.25,78
2005,Eddy Fobbs,C-PF,-%,-,-,235.2,90.75,111.5,83.25,82.25
2005,Eddie Basden,SG-SF,-%,-,-,210,82.25,101,77.5,76.25
2005,Dwayne Jones,C-PF,-%,-,-,242.2,86.75,108.5,82,80.5
2005,Drago Pasalic,SF-PF,-%,-,-,238.8,83.75,108.5,83,81.5
2005,Dijon Thompson,SF-SG,-%,-,-,195.8,81.75,105.5,80,78.25
2005,Deron Williams,PG,-%,-,-,202.4,78.25,98,74.75,73.75
2005,Deng Gai,PF-C,-%,-,-,214,88.5,110.5,81.25,79.75
2005,Deji Akindele,C-PF,-%,-,-,236.4,87,108.5,83,81.5
2005,Dee Brown,PG-SG,-%,-,-,179,74,94,72,71
2005,David Simon,C-PF,-%,-,-,258.8,87.5,108,81.5,80
2005,David Lucas,PF,-%,-,-,233.4,84,103.5,79.75,78.5
2005,David Lee,PF,-%,-,-,229.5,84,106.5,81,79.75
2005,Daryl Dorsey,PG,-%,-,-,160.8,71.5,94,72.5,71.25
2005,Danny Granger,,-%,-,-,225.4,85.5,103,80.5,79.5
2005,D'Or Fischer,C-PF,-%,-,-,242.4,90,110.5,82.5,81.25
2005,Chris Thomas,PG,-%,-,-,176.2,75,95,73,71.75
2005,Chris Taft,PF,-%,-,-,261,85.75,109,81.5,80.5
2005,Chris Paul,PG,-%,-,-,178,76.25,93,73,71.75
2005,Charlie Villanueva,PF-SF,-%,-,-,236.6,84.25,109,81.5,81
2005,Charles Hayes,SF-PF,-%,-,-,232.4,82,104.5,78.75,77.5
2005,Channing Frye,PF-C,-%,-,-,243.6,86.5,110.5,82.5,81.5
2005,Carlos Powell,SF-PF,-%,-,-,221.8,82.75,105,78.75,77.25
2005,Carl Krauser,PG-SG,-%,-,-,193.4,77.5,98.5,72.75,71.5
2005,Brandon Rush,SG-SF,-%,-,-,211.4,83.25,104.5,78.5,77
2005,Bracey Wright,SG-PG,-%,-,-,186.8,82,100.5,74.5,73.25
2005,Antoine Wright,SF-SG,-%,-,-,202.6,80.75,104.5,78.25,77.25
2005,Anthony Roberson,PG,-%,-,-,178.8,74.75,95,74.5,72.75
2005,Andrew Bogut,C-PF,-%,-,-,250.6,87,110.5,84.25,83
2005,Alex Acker,SG,-%,-,-,183,84,102.5,76.75,75.75
2005,Alan Anderson,SG-SF,-%,-,-,223.2,81.5,104,78,76.5
2005,Aaron Miles,PG,-%,-,-,174.6,75.5,94,73.5,72
2006,Yemi Nicholson,PF-C,17.20%,-,-,258,88.25,107,81.5,79.75
2006,Will Blalock,PG,7.20%,-,-,194,78,96.5,72.5,71.25
2006,Viktor Keyru,SG-PG,5.50%,-,-,202,81.25,104,78,77.25
2006,Tyrus Thomas,PF-SF,5.60%,-,-,217,87,108,80.25,79.25
2006,Torin Francis,PF-C,12.40%,-,-,247,85,105.5,82,81
2006,Terence Dials,PF-C,15.80%,-,-,253,84,106,81,79.75
2006,Tedric Hill,SF-PF,7.30%,-,-,236,85,107,81,79.75
2006,Tarence Kinsey,SF-SG,4.10%,-,-,179,78.75,100.5,77.5,76.75
2006,Taquan Dean,SG-PG,3.90%,-,-,183,78.75,98,75,74
2006,Taj Gray,PF-SF,6.80%,-,-,231,84.75,107,80.5,79.25
2006,Steven Smith,SF-PF,7.80%,-,-,238,84.5,104,81.25,79.5
2006,Steve Novak,SF,8.10%,-,-,216,81.5,103,81.25,80
2006,Solomon Jones,PF-C,7.40%,-,-,224,88.75,109,81.75,80.5
2006,Shelden Williams,PF-C,11.40%,-,-,258,88.25,104,80.5,79.5
2006,Shawne Williams,SF-PF,8.00%,-,-,227,87,104,80.75,79.25
2006,Sean Dockery,PG-SG,7.30%,-,-,182,76.5,95.5,74,72.75
2006,Rudy Gay,SF-PF,5.70%,-,-,222,87,107.5,80,79
2006,Ronnie Brewer,SG-PG,5.00%,-,-,223,83.25,103.5,78.75,77.75
2006,Rodney Carney,SG-SF,5.30%,-,-,204,82,103.5,77.75,76.5
2006,Renaldo Balkman,SF-PF,4.90%,-,-,206,85,104.5,78.5,77.25
2006,Rashad Anderson,SG,17.30%,-,-,224,79,100,76.5,75.25
2006,Randy Foye,SG-PG,10.00%,-,-,212,78.25,97,75.25,74.25
2006,Pops Mensah-Bonsu,PF-C,5.80%,-,-,232,84,105.5,81,79.5
2006,Paul Millsap,PF,9.70%,-,-,258,85.5,105.5,79.25,78.25
2006,Paul Miller,PF-C,13.80%,-,-,251,84,101.5,81.25,80.5
2006,Patrick O'Bryant,C,10.00%,-,-,249,89.75,113,84,83
2006,Nik Caner-Medley,SF,9.60%,-,-,234,81,103,80,78.5
2006,Nick George,SF-SG,6.00%,-,-,201,82,103,77.75,76
2006,Mouhamed Sene,C,6.60%,-,-,237,92.5,113,84,83
2006,Morris Almond,SG-SF,6.90%,-,-,214,82,102.5,78,76.75
2006,Michael Southhall,C,7.90%,-,-,241,88.25,107.5,82.25,81.5
2006,Maurice Ager,SG-PG,8.00%,-,-,203,79.75,101.5,76.5,75.25
2006,Matt Haryasz,PF-C,9.80%,-,-,219,84.25,107.5,83,81.75
2006,Mardy Collins,PG-SG,10.00%,-,-,224,82,103,77.5,76.25
2006,Marcus Williams,PG,12.40%,-,-,215,79,97.5,75.25,74
2006,Marcus Slaughter,PF-SF,8.50%,-,-,220,83.5,104.5,80,79
2006,Marco Killingsworth,PF,19.00%,-,-,266,87,104,78.75,77.5
2006,Lou Amundson,PF,6.80%,-,-,221,83.5,103.5,80,79.2
2006,LaMarcus Aldridge,PF-C,8.70%,-,-,234,88.75,110,83.25,82
2006,Keydren Clark,PG,11.60%,-,-,184,74.5,92.5,70.25,69
2006,Kenny Adeleke,PF-C,10.50%,-,-,250,82.25,104,79.75,78.5
2006,Justin Williams,C-PF,6.50%,-,-,211,85.5,109,80.75,79.25
2006,Jordan Farmar,PG,4.40%,-,-,171,75,94.5,74,72.75
2006,Joah Tucker,SF-SG,7.00%,-,-,224,78.5,99.5,77.25,75.75
2006,James Augustine,PF,5.50%,-,-,227,84.25,104,81.75,80.25
2006,J.J. Redick,SG,7.00%,-,-,190,75.25,97.5,76.75,76
2006,J.P. Batista,PF,12.00%,-,-,265,82,103.5,80.5,79.5
2006,Ian Vouyoukas,C-PF,14.80%,-,-,267,84.75,108.5,81.5,80.5
2006,Hilton Armstrong,C-PF,6.30%,-,-,240,88,109,82.25,81.5
2006,Gerry McNamara,PG-SG,12.80%,-,-,177,72.75,92.5,72.5,71.75
2006,Frans Steyn,C,12.80%,-,-,280,86.25,109,86.5,85.25
2006,Eric Williams,C-PF,13.00%,-,-,285,88.25,106.5,80.75,79.25
2006,Eric Hicks,PF,7.10%,-,-,238,85.5,105.5,77.5,76.75
2006,Dwayne Mitchell,SG-SF,4.50%,-,-,208,78.5,98.5,75.25,74
2006,Denham Brown,SG-SF,9.00%,-,-,218,81.5,102.5,77,76
2006,David Noel,SF-SG,6.10%,-,-,223,81.5,100,78,76.5
2006,Darius Washington,PG,9.70%,-,-,195,76,96,73,71.5
2006,Danilo Pinnock,PG-SG,4.60%,-,-,204,79.5,100.5,76,74.75
2006,Daniel Horton,PG-SG,8.00%,-,-,198,79,96.5,74.25,72.5
2006,Dan Grunfeld,SF-SG,10.40%,-,-,216,78.25,99,78,76.75
2006,Curtis Withers,PF-SF,5.00%,-,-,227,82,101,78.5,78
2006,Curtis Stinson,SG,6.00%,-,-,208,77,97.5,74.75,73.75
2006,Craig Smith,PF,12.20%,-,-,259,81.5,103.5,78.5,77.5
2006,Chris Quinn,PG-SG,5.90%,-,-,175,77,94,73.5,72.5
2006,Chris McCray,SG,9.60%,-,-,187,77.75,96.5,76,75
2006,Cedric Simmons,PF-C,5.60%,-,-,223,88.25,108.5,81.5,80.25
2006,Carl Krauser,PG,8.00%,-,-,190,78.25,97,72.75,71.75
2006,CJ Watson,PG,5.20%,-,-,171,78,96,73.75,72.5
2006,Brandon Roy,SG-SF,7.60%,-,-,207,80,101,78.25,77.25
2006,Brandon Bowman,SF,8.40%,-,-,209,83.5,103,80.25,78.75
2006,Brad Buckman,PF,10.50%,-,-,238,84,107.5,80.75,79.25
2006,Bobby Jones,SF-SG,8.00%,-,-,211,81.5,101.5,78.75,77.75
2006,Blake Schilb,PG-SG,11.30%,-,-,209,80.75,102,78.25,77.25
2006,Antywane Robinson,SF-PF,6.90%,-,-,217,86.5,105.5,79.5,78.25
2006,Allan Ray,SG,9.80%,-,-,204,80.5,99.5,74.25,73
2006,Adam Morrison,SF,6.80%,-,-,198,82,105,79.75,78.5
2007,Zabian Dowdell,PG,5.10%,-,-,191,82,100,75,73
2007,Yue Sun,SF,5.10%,-,-,212,81,105,80.75,79.75
2007,Trey Johnson,SG,5.40%,-,-,216,77,98,77.75,75
2007,Thaddeus Young,SF,4.90%,-,-,210,83.5,106,79.5,77.75
2007,Taurean Green,PG,4.60%,-,-,173,74.25,96,72.75,71
2007,Stephane Lasme,PF,4.90%,-,-,213,86,107,79,77
2007,Spencer Hawes,PF,13.00%,-,-,244,84.5,110,84.75,82
2007,Sammy Mejia,SG,8.30%,-,-,218,83,105,79,77
2007,Ryvon Covile,C-PF,8.00%,-,-,250,85.25,107.5,80.5,79
2007,Russell Carter,SG,6.00%,-,-,221,80.5,97.5,76.5,75
2007,Ron Lewis,SG,4.50%,-,-,194,78.5,99,76.5,74
2007,Rodney Stuckey,SG-PG,6.10%,-,-,207,79.25,100.5,76.5,75.75
2007,Reyshawn Terry,SF,8.90%,-,-,222,82,103.5,79.5,78.75
2007,Renaldas Seibutis,SG,6.10%,-,-,185,80.75,101,77.75,76
2007,Rashaun Freeman,PF,11.50%,-,-,244,83.5,104,80,78
2007,Rashad Jones-Jennings,PF,5.90%,-,-,235,84,105.5,79.5,78
2007,Ramon Sessions,PG,6.20%,-,-,185,76.25,97.5,75.75,74
2007,Quinton Hosley,SF-SG,5.70%,-,-,215,83.25,105,79.75,77
2007,Nick Young,SG-SF,6.80%,-,-,206,84,100.5,78.75,77
2007,Mustafa Shakur,PG,4.10%,-,-,185,77.5,99,76.5,75
2007,Mohamed Abukar,SF,8.90%,-,-,210,81,103,81.75,80
2007,Mike Conley,PG,4.20%,-,-,175,77.75,94.5,72.75,71
2007,Marko Lekic,C,11.40%,-,-,267,85,108.5,82.5,81
2007,Mario Boggan,PF,9.20%,-,-,240,86,107,79,77
2007,Major Wingate,C,6.70%,-,-,242,88,109,82.75,80.5
2007,Kyle Visser,C,10.20%,-,-,242,83,108,83.5,82
2007,Kevin Durant,SF-PF,6.60%,-,-,215,88.75,110,82.25,81
2007,Justin Doellman,PF,7.00%,-,-,205,80.75,105,81.5,80
2007,Julian Wright,SF-PF,6.10%,-,-,211,86.25,108,80.5,78.5
2007,Josh McRoberts,PF,13.70%,-,-,240,85,106.5,82,80
2007,Joakim Noah,PF,4.80%,-,-,223,85.25,106.5,84,82
2007,Jianlian Yi,,-%,-,-,,0,0,0,0
2007,Jermareo Davidson,PF,6.90%,-,-,230,88,109.5,83,81
2007,Jeremy Hunt,SG,5.20%,-,-,198,80.25,101.5,76.75,74
2007,Jeff Green,SF,3.70%,-,-,228,85.25,103,81.5,79
2007,Javaris Crittenton,PG,4.50%,-,-,194,77.5,98,76.75,75
2007,Jason Smith,PF,7.50%,-,-,233,82.75,106,83.5,82.75
2007,Jared Jordan,PG,7.00%,-,-,183,72,94,73.75,72
2007,Jared Dudley,SF,7.10%,-,-,219,79,102,79.25,77
2007,James Hughes,C,3.50%,-,-,209,87,111,82.75,81
2007,Jamaal Tatum,PG,5.00%,-,-,168,74.5,93.5,72.75,71.5
2007,JR Reynolds,PG,8.20%,-,-,188,75.25,95,74.75,72
2007,Ivan Radenovic,PF,9.80%,-,-,226,83.75,106,82.75,81
2007,Herbert Hill,C,5.60%,-,-,232,86.25,108.5,81.75,79
2007,Greg Oden,C,7.80%,-,-,257,88.25,112,84,83
2007,Ekene Ibekwe,PF,3.20%,-,-,208,90,104,81,80
2007,Dustin Salisbery,SG,6.60%,-,-,208,80,100.5,76.75,75
2007,Dominic McGuire,SF,4.70%,-,-,220,82.5,104,80.25,79
2007,Dominic James,PG,4.80%,-,-,175,74,93,71.75,70
2007,Demetris Nichols,SF,6.20%,-,-,211,84.25,105,79.5,78
2007,Darryl Watkins,C,6.90%,-,-,241,87,110,82.25,80.75
2007,Daequan Cook,SG,7.00%,-,-,203,80.25,101.5,77.75,75
2007,DaShaun Wood,PG,5.40%,-,-,167,72.75,92,71.5,70.75
2007,DJ Strawberry,SG,4.50%,-,-,199,78.5,101,77,75.75
2007,Curtis Sumpter,SF,5.30%,-,-,227,81.5,104,79.75,78
2007,Craig Bradshaw,PF,12.10%,-,-,240,85.5,106.5,81.75,80
2007,Corey Brewer,SF-SG,4.20%,-,-,185,80.25,103,79.75,78
2007,Coleman Collins,PF,6.20%,-,-,236,86,107,81.75,80
2007,Coby Karl,SG-PG,5.40%,-,-,204,83,99.5,76.75,75
2007,Chris Richard,PF,7.50%,-,-,252,88.5,110.5,80.75,79
2007,Cartier Martin,SF,5.60%,-,-,218,82,103.5,78.5,76
2007,Carl Landry,PF,7.50%,-,-,248,83,102.5,80.5,79
2007,Caleb Green,PF,10.90%,-,-,238,83.75,103,80,78
2007,Brandon Heath,PG,9.00%,-,-,181,79,94,75.75,74
2007,Brandan Wright,PF,5.80%,-,-,200,87.75,108.5,82,80.75
2007,Brad Newley,SG,8.00%,-,-,201,80,102.5,78.5,77
2007,Bobby Brown,PG,6.60%,-,-,170,76,95.5,73.75,71
2007,Blake Schilb,SG,10.00%,-,-,214,81,102.5,79,77
2007,Avis Wyatt,PF,3.30%,-,-,212,85,107,81.5,80.75
2007,Anthony Tolliver,PF,5.70%,-,-,242,86.5,107.5,80.5,79
2007,Antanas Kavaliauskas,PF,7.70%,-,-,237,82.5,106.5,82.5,81
2007,Ali Traore,C-PF,12.10%,-,-,249,88,108.5,81.75,80.75
2007,Al Thornton,SF,5.80%,-,-,221,85,104,79,77.75
2007,Al Horford,PF,9.10%,-,-,246,84.75,107,81.75,80
2007,Acie Law,PG,5.60%,-,-,186,78.5,98,75.5,74
2007,Aaron Gray,C,10.80%,-,-,271,87.25,108.5,85.75,84
2007,Aaron Brooks,PG,2.70%,-,-,161,76,94,71.75,70
2008,Vladimir Golubovic,C,6.90%,-,-,258,86.5,111.5,84.25,83.25
2008,Tyrone Brazelton,PG,8.10%,-,-,166,73.75,94,71,70
2008,Trent Plaisted,PF,11.00%,-,-,240,82.5,105.5,82.25,81.25
2008,Takais Brown,PF,9.20%,-,-,252,82,106,80.5,79.25
2008,Stanley Burrell,PG,5.60%,-,-,201,78.25,97.5,74.5,73.5
2008,Sonny Weems,SG-SF,4.40%,-,-,193,82,104,77.5,76
2008,Shawn James,PF,9.20%,-,-,217,89,111,81,79.75
2008,Shaun Pruitt,C-PF,13.80%,-,-,242.2,85,107.5,81,80.25
2008,Shan Foster,SG,6.30%,-,-,194.5,83.5,103.5,77.25,76
2008,Sean Singletary,PG,4.20%,-,-,183.8,76.5,95,72,71
2008,Sasha Kaun,C-PF,9.60%,-,-,247,88,110,82.75,81
2008,Russell Westbrook,PG,4.80%,-,-,192,79.75,100,75.5,74.25
2008,Russell Robinson,PG,7.40%,-,-,196,80,100.5,73.5,72.5
2008,Ronald Steele,PG,8.10%,-,-,183.5,76.25,97.5,73.5,72.25
2008,Robert Vaden,SG,6.20%,-,-,199,80,101,76.5,75.5
2008,Richard Roby,SG-SF,9.20%,-,-,203,81.75,104,77.5,76.25
2008,Richard Hendrix,PF,9.20%,-,-,250,87,108,80.75,78.75
2008,Reggie Williams,SG,5.30%,-,-,199,81.25,103,76,75.25
2008,Ramel Bradley,PG-SG,5.70%,-,-,184,77,98,74.25,73.25
2008,Quan Prowell,SF-PF,6.50%,-,-,225.5,82.5,103.5,79.75,78.75
2008,Patrick Ewing Jr.,SF-PF,9.40%,-,-,224,84.25,97.5,79.25,78
2008,Pat Calathes,SF-PF,7.30%,-,-,204,81.75,106,81.75,80.75
2008,Othello Hunter,PF-SF,6.40%,-,-,220,87,109.5,79.5,78.5
2008,O.J. Mayo,SG-PG,6.30%,-,-,200,78,99.5,76.25,75.25
2008,Mike Taylor,SG-PG,3.80%,-,-,166.2,79.25,98,74,72.75
2008,Michael Beasley,PF-SF,7.70%,-,-,239,84.25,107,80.25,79
2008,Mark Tyndale,SG-SF,6.70%,-,-,217,83,103.5,75.5,74.75
2008,Marcus Dove,SF-PF,5.30%,-,-,208,83.5,105,79.5,78.75
2008,Marcelus Kemp,SG,9.00%,-,-,221,80.5,103.5,76.25,75
2008,Malik Hairston,SG,6.90%,-,-,204,81,103.5,77.25,76.25
2008,Maarty Leunen,SF,8.90%,-,-,222,80,102.5,80.5,79.25
2008,Luc Mbah a Moute,SF,7.00%,-,-,221,86.5,103.5,79.5,77.75
2008,Longar Longar,C,10.60%,-,-,212.5,85.25,109.5,82,81
2008,Lester Hudson,PG,3.40%,-,-,196,80.75,98.5,73,71.75
2008,Kyle Hines,SF-PF,3.60%,-,-,234,85.25,104.5,77.25,75.75
2008,Kevin Love,PF,12.90%,-,-,255,83.25,106,81.5,79.75
2008,Kentrell Gransberry,C,17.40%,-,-,290,82.25,106,79.75,78.75
2008,Keith Brumbaugh,SF-PF,4.00%,-,-,190,79.25,104.5,80.75,79.5
2008,Josh Duncan,PF,5.40%,-,-,230,83.5,104.5,81,80
2008,Joseph Jones,PF,12.20%,-,-,240,84.25,107,80.5,79
2008,John Riek,C,11.00%,-,-,237,92.75,0,84,82.5
2008,Joey Dorsey,PF-C,9.00%,-,-,265,85.75,107,79.25,78.25
2008,Joe Crawford,SG,7.60%,-,-,213,77.75,99.5,76,75
2008,Joe Alexander,SF-PF,5.80%,-,-,220,83.5,106,80.25,79.25
2008,Jiri Hubalek,C-PF,8.80%,-,-,226,82.75,109,83,81.5
2008,Jerryd Bayless,PG-SG,4.70%,-,-,204,75.5,97,75,73.75
2008,Jeremy Pargo,PG,7.60%,-,-,208,77,96,73.5,72.5
2008,James Mays,PF,8.80%,-,-,227,85.75,105,79.75,78.75
2008,James Gist,PF,4.80%,-,-,220,88,107.5,80.5,79
2008,Jamar Butler,PG,6.00%,-,-,182,76.75,97,73.5,72.25
2008,JaVale McGee,C-PF,5.30%,-,-,241,90,114.5,84,83
2008,J.R. Giddens,SG,5.40%,-,-,208,83.25,103,76.75,76
2008,George Hill,PG,3.00%,-,-,181,81,97.5,74.5,73.25
2008,Gary Forbes,SG,6.50%,-,-,220.5,83.25,104.5,77.75,76.5
2008,Frank Elegar,PF,4.50%,-,-,210,87.25,106,80.75,79.25
2008,Eric Gordon,SG,8.20%,-,-,222,81,99,75.25,74
2008,Drew Neitzel,PG,6.20%,-,-,175.5,74.5,95,72.75,71.75
2008,Donte Greene,SF-PF,7.60%,-,-,221,82,108,81,80.25
2008,Derrick Rose,PG,4.60%,-,-,196,80,98.5,74.5,73.5
2008,Deron Washington,SF,7.20%,-,-,198.5,81,102.5,78.25,77.25
2008,DeVon Hardin,C-PF,5.80%,-,-,235,87,109.5,82.75,81.5
2008,DeMarcus Nelson,PG-SG,4.50%,-,-,198,82,98.5,74.25,73
2008,DeAndre Jordan,C,7.50%,-,-,250,90,113.5,83,81.75
2008,Davon Jefferson,SF,12.00%,-,-,213,81.5,105,78.5,77.25
2008,David Padgett,C-PF,9.00%,-,-,239.5,85,109.5,83.5,82.25
2008,Darrell Arthur,PF,7.30%,-,-,216,82.75,107,80.5,79.5
2008,Darnell Jackson,PF,12.50%,-,-,240.5,83.25,106.5,79.75,79
2008,D.J. Augustin,PG,8.10%,-,-,171.5,75.5,94.5,71.5,70
2008,Chris Daniels,C-PF,16.10%,-,-,256,84.5,109,81.5,80.25
2008,Charles Rhodes,PF,10.70%,-,-,244,83.25,107.5,80.25,79.25
2008,Bryce Taylor,SG,8.30%,-,-,210,81,99.5,76.25,74.75
2008,Brook Lopez,C,6.30%,-,-,258,89.5,113,84.5,83.25
2008,Brian Roberts,PG,3.60%,-,-,173,73.25,95,73.25,72.25
2008,Brian Butch,C-PF,10.80%,-,-,229.6,83.25,108,83,81.5
2008,Anthony Randolph,PF-SF,4.70%,-,-,197,87,109,82.25,81
2008,Aleks Maric,C,10.10%,-,-,273,85,109.5,82.75,81.75
2009,Wayne Ellington,SG,5.50%,-,-,202.4,78.5,100,77.25,76.25
2009,Tyreke Evans,PG-SG,7.10%,-,-,220.6,83.25,104,77.25,76
2009,Tyler Smith,SF,7.00%,-,-,212,81.75,104.5,78,77.25
2009,Tyler Hansbrough,PF,8.50%,-,-,234.2,83.5,106,81.5,80.25
2009,Ty Lawson,PG,6.60%,-,-,196.6,72.75,94.5,72.5,71.25
2009,Toney Douglas,PG,5.20%,-,-,183.4,78,97.5,74,73
2009,Terrence Williams,SG-SF,5.10%,-,-,213.2,81,103.5,78.25,77
2009,Taj Gibson,PF,6.60%,-,-,214.4,88,109,81.75,80.5
2009,Stephen Curry,PG-SG,5.70%,-,-,181,75.5,97,75.25,74
2009,Sam Young,SF-SG,4.90%,-,-,222.8,82.75,105.5,78.75,77.25
2009,Rodrigue Beaubois,PG,7.90%,-,-,182.4,81.75,100,74.25,73.25
2009,Patty Mills,PG,6.90%,-,-,175.4,74,95,72.5,71.25
2009,Omri Casspi,SF,8.60%,-,-,211.2,81.25,106.5,81.25,79.75
2009,Marcus Thornton,SG,4.80%,-,-,194.4,77,99,75.75,74.75
2009,Jrue Holiday,PG-SG,6.30%,-,-,199,79,100.5,76.25,75.25
2009,Josh Heytvelt,PF-C,10.80%,-,-,246.2,85.25,108,83,82
2009,Jordan Hill,PF-C,6.00%,-,-,232.4,85.5,108,82.25,81.25
2009,Jonny Flynn,PG,6.30%,-,-,195.6,76,95.5,72.75,71.25
2009,Joe Ingles,SF,10.10%,-,-,209.2,82.25,105,80.25,79.75
2009,Jodie Meeks,SG,8.00%,-,-,211.4,76.5,98,76,75
2009,Jermaine Taylor,SG,5.80%,-,-,207.4,80.75,101,76.75,75.5
2009,Jerel McNeal,SG,5.40%,-,-,190.4,79.25,99.5,75,73.5
2009,Jeff Teague,PG,4.50%,-,-,175.2,79.5,98.5,73.5,72.25
2009,Jeff Ayres,PF,5.50%,-,-,239.6,85,107,82,80.75
2009,Jeff Adrien,PF,7.90%,-,-,236.2,86,107.5,78.5,77.25
2009,James Johnson,SF-PF,12.00%,-,-,257.2,84.75,105.5,79.75,79
2009,James Harden,SG,10.10%,-,-,222,82.75,103.5,77.25,76
2009,Jack McClinton,SG-PG,6.20%,-,-,185.2,74.5,96,72.75,71.75
2009,Hasheem Thabeet,C,6.70%,-,-,267.2,90.25,113,86.5,85.25
2009,Gerald Henderson,SG-SF,4.40%,-,-,214.6,82.25,102.5,77,76
2009,Eric Maynor,PG,5.40%,-,-,163.6,74.5,97,75.25,74.25
2009,Earl Clark,SF-PF,5.20%,-,-,228.4,86.5,109.5,82.25,80.5
2009,Dionte Christmas,SG,7.10%,-,-,210.8,81,102.5,77.5,76.25
2009,Derrick Brown,SF-PF,8.60%,-,-,224.6,86.5,107.5,80.5,79.5
2009,DeMarre Carroll,PF-SF,6.30%,-,-,207.2,82,105,79.75,78.25
2009,DeMar DeRozan,SG-SF,4.90%,-,-,211.2,81,102.5,78.5,77.5
2009,DeJuan Blair,PF,12.00%,-,-,276.6,86,106.5,78.5,77.25
2009,Darren Collison,PG,5.70%,-,-,166.2,75,96.5,73.5,72.25
2009,Dante Cunningham,PF,4.80%,-,-,227.4,83,106.5,80.25,79
2009,Danny Green,SG-SF,5.60%,-,-,208,82,103,78.5,77.25
2009,DaJuan Summers,SF,6.60%,-,-,243,84.75,106.5,80.5,79.25
2009,Chase Budinger,SF-SG,10.00%,-,-,206.4,79,101,79,78.25
2009,Byron Mullens,C,8.50%,-,-,258.2,85.5,111,85.25,83.75
2009,Blake Griffin,PF,8.20%,-,-,248.4,83.25,105,82,80.5
2009,Austin Daye,SF-PF,5.50%,-,-,191.8,86.75,110,82.75,81.75
2009,A.J. Price,PG,12.40%,-,-,192.8,75.75,97,74,72.5
2010,Xavier Henry,SG,4.70%,8.75,10,210.2,83.25,105,78.5,77.25
2010,Willie Warren,SG-PG,7.60%,8.5,9.5,208.4,78,99.5,75.75,74.5
2010,Wesley Johnson,SF,4.60%,9,9.5,206.4,85,106,79.25,78.25
2010,Trevor Booker,PF,7.30%,9,9.5,235.8,81.75,106,79.5,78.25
2010,Terrico White,SG-PG,3.70%,9,10.5,202.6,81,101,77,75.75
2010,Sylven Landesberg,SG,11.60%,8.75,10.75,210,81,100.5,78.25,76.75
2010,Stanley Robinson,SF,8.30%,9,9,213.2,84,107.5,79.75,78.5
2010,Solomon Alabi,C,5.00%,9.25,9.25,237.4,89,113,84.75,83.5
2010,Sherron Collins,PG,9.20%,8.5,9.5,217.2,74.5,94,71.75,70.25
2010,Ryan Richards,PF,8.00%,9,9.75,230.2,85.5,110,83.75,82.5
2010,Paul George,SF,5.00%,8.5,9,214.4,83.25,107,80.75,79.75
2010,Patrick Patterson,PF,5.30%,9.25,10.25,239.6,85.25,107,81.25,80
2010,Mikhail Torrance,PG,7.00%,8.75,9.5,208.8,79.5,103,77,76
2010,Manny Harris,SG,3.80%,8.5,9,185.1,79.25,102,77.5,76
2010,Luke Harangody,PF,11.10%,8.75,9.75,240.2,81.5,106,79.75,78
2010,Luke Babbitt,SF-PF,5.60%,8.5,10,217.8,83.25,104.5,80.75,79.5
2010,Lazar Hayward,SG-SF,7.50%,9.25,9.5,225.8,84.75,102,77.75,76.5
2010,Larry Sanders,PF-C,4.60%,9.75,11,222.4,89.75,112,82.5,81.25
2010,Lance Stephenson,SG,9.30%,9,10.25,227,82.5,103,77.75,76.5
2010,Keith Gallon,PF-C,15.10%,9.25,10.5,301.8,88.5,109.5,81.5,80.5
2010,Jordan Crawford,SG,4.90%,8,9,198.4,79,101,76.5,75
2010,Jon Scheyer,PG-SG,5.40%,7.75,9.5,180,75.25,99,78,76.75
2010,John Wall,PG,5.60%,8.25,9.5,195.6,81.25,101.5,76,74.75
2010,Jerome Jordan,C,6.90%,9,10.25,244.2,89.25,113,84.75,83.5
2010,Jarvis Varnado,PF-C,9.50%,9.25,9.5,210.2,87.5,109.5,82,80.25
2010,James Anderson,SF,7.90%,8.5,7.25,207.6,80.5,104,77.75,76.75
2010,Hassan Whiteside,C-PF,5.50%,8.25,10.25,226.6,91,113,83.5,82.5
2010,Greivis Vasquez,PG-SG,8.60%,7.75,9.25,210.8,79,101,78.5,77
2010,Greg Monroe,PF-C,11.20%,8.75,9.5,246.6,86.25,108.5,83,81.75
2010,Gordon Hayward,SF,6.90%,8.5,9.25,211,79.75,103,80,78.75
2010,Gani Lawal,PF,6.30%,8.5,10,233.4,84,107.5,81,79.5
2010,Evan Turner,SG,8.60%,8.75,9.5,213.8,80,103.5,79,77.75
2010,Eric Bledsoe,PG,5.60%,8.5,9.75,191.6,79.5,98,73.5,72.25
2010,Ekpe Udoh,PF,8.00%,9.5,8.75,237.4,88.5,106.5,81.75,80.75
2010,Ed Davis,PF,10.00%,9.25,10,226.6,84,108,81.75,81
2010,Dominique Jones,SG,5.90%,9,10.25,216,81.25,101,77,75.25
2010,Dexter Pittman,PF-C,20.80%,10.25,10.5,302.6,90,111,83.5,81.5
2010,Devin Ebanks,SF,7.90%,8.25,9,207.8,84.25,107.5,80.25,79
2010,Derrick Favors,PF,6.50%,8.75,9.25,245.2,88,110,82.25,80.75
2010,Derrick Caracter,PF,12.80%,9,10.25,280,84.25,107.5,81.5,80.25
2010,DeMarcus Cousins,C,16.40%,9.25,10,291.8,89.75,113,82.75,81.5
2010,Darington Hobson,SG-SF,6.20%,8.25,9,203.6,81.25,104.5,78.5,77.25
2010,Daniel Orton,C,13.80%,8.5,9.75,269.2,88.25,110.5,81.5,80.75
2010,Damion James,SF,9.60%,9.25,8.5,226.6,84.75,107,79.75,78.25
2010,Craig Brackins,PF-SF,7.90%,9.5,11.25,229,84,109,81.75,80.5
2010,Cole Aldrich,C,8.50%,9,9.25,236,88.75,111.5,83.25,81
2010,Charles Garcia,SF,7.00%,8.75,9,231.6,85.75,107.5,81.25,80.25
2010,Avery Bradley,SG-PG,4.00%,8.25,9.5,180.4,79.25,98.5,75.25,74
2010,Artsiom Parakhouski,C,6.00%,9,10.5,268.2,85,109.5,83.75,82.25
2010,Armon Johnson,PG-SG,5.60%,8.25,9.25,195.2,80,99.5,75.25,74
2010,Andy Rautins,SG,6.20%,8,9.75,191.6,79,100,77,76.25
2010,Al-Farouq Aminu,SF,8.20%,9.5,9.5,216,87.25,108.5,80.5,79.25
2011,Tyler Honeycutt,SF,5.30%,8.5,9.5,186.8,81,105,80.25,78.75
2011,Tristan Thompson,PF,6.20%,8.75,9.25,227.4,85.25,108.5,80.75,79.5
2011,Trey Thompkins,PF,15.50%,9.25,9.75,239,85,107.5,81.75,80.5
2011,Travis Leslie,SG,8.10%,8.75,9.25,205,82.5,103,76.25,75
2011,Tobias Harris,SF-PF,8.40%,8.75,9,222.8,83,103.5,79.75,78.5
2011,Shelvin Mack,PG,7.10%,8.25,9.25,209,79.5,96.5,74.5,73
2011,Scotty Hopson,SG,4.80%,8.5,10,204.6,82.5,103.5,78.5,77.75
2011,Rick Jackson,PF,8.30%,8.75,9.5,241.8,86,106.5,81.25,80.25
2011,Norris Cole,PG,4.70%,8.5,9.5,174.4,74.25,95.5,73.75,72.25
2011,Nolan Smith,PG,5.60%,8.5,9.25,187.6,77.5,99,75.5,73.5
2011,Nikola Vucevic,PF-C,6.10%,9.25,10.25,259.8,88.5,112.5,83.75,82.25
2011,Michael Dunigan,PF-C,8.00%,9,10.75,237.6,87.25,107.5,82,80.5
2011,Marshon Brooks,SG,5.20%,9,10.5,194.6,85,101,77.25,76.25
2011,Markieff Morris,PF,10.20%,8.5,8.25,240.8,82.75,106.5,81.25,79.75
2011,Marcus Morris,PF-SF,8.00%,8.25,8.5,229.6,82,105.5,80.75,79
2011,Malcolm Thomas,PF,5.90%,9.5,10.5,223,84.5,107.5,80.75,79.5
2011,Malcolm Lee,SG,5.90%,8.5,9.5,198.2,81.75,101.5,77.5,76
2011,LaceDarius Dunn,SG,5.50%,9,10.25,187.8,78.25,101,76,75
2011,Kyrie Irving,PG,10.20%,8.25,9.25,191,76,99,75.5,73.75
2011,Kyle Singler,SF,10.00%,8.25,8.75,228,82.1,106,80.5,79.5
2011,Klay Thompson,SG,8.00%,8.75,9.25,205.6,81,103.5,79.25,77.75
2011,Kenneth Faried,PF,6.30%,8.5,10.25,224.6,84,108,79.5,78
2011,Kemba Walker,PG,5.90%,8,9,184,75.5,91.5,73,71.5
2011,Keith Benson,C-PF,6.10%,9.5,11,217,87.75,109.5,83,82
2011,Kawhi Leonard,SF,5.40%,9.75,11.25,227.4,87,106,79,78
2011,Justin Harper,PF-SF,4.00%,9,9.25,228,83.75,106,80.75,80
2011,Josh Selby,SG-PG,7.90%,8.5,9,194.6,77.25,98,75,73.75
2011,Jordan Williams,PF,12.10%,9.25,10,247.2,84.25,106.5,81,79.75
2011,Jordan Hamilton,SF,9.80%,9,9.25,228.4,81.5,104,80.5,78.75
2011,Jon Leuer,PF,5.40%,8.75,9.75,223.2,84,105.5,83.5,82
2011,Jon Diebler,SG,8.50%,8.25,8.25,196.6,78,99,78.5,77.25
2011,Jimmy Butler,SF,5.40%,9,9,222.2,79.5,101.5,79.75,78
2011,Jeremy Tyler,PF-C,13.40%,9.25,9,262.4,89,110.5,82.5,81
2011,Jereme Richmond,SF,5.50%,8.75,9.5,207.2,82.25,106.5,79.25,78
2011,Jamie Skeen,PF,9.80%,8.5,8.5,241.6,85.25,106.5,80,78.5
2011,James Fredette,PG,7.70%,8,8.5,196,76.5,96.5,74.5,72.75
2011,JaJuan Johnson,PF,7.50%,9,10,219.8,86,107.5,82,81
2011,Isaiah Thomas,PG,6.70%,8.25,9,186,73.75,91.5,70.25,68.75
2011,Iman Shumpert,PG-SG,6.50%,9,9,221.8,81.5,99.5,77.5,76.25
2011,Gregory Smith,PF-C,7.40%,9.75,12,252.8,86.5,106.5,81.25,80
2011,Enes Kanter,PF-C,5.90%,9.5,10.75,259.2,85.5,109.5,83.25,81.75
2011,E'Twaun Moore,SG,7.60%,9,10,191.4,81.5,99.5,76,74.5
2011,Derrick Williams,PF-SF,10.80%,9,9.75,248.4,85.5,108,80.75,79.25
2011,Demetri McCamey,PG,6.10%,8.5,9,204,78.25,99.5,75.25,73.75
2011,DeAndre Liggins,SF-SG,5.00%,8.75,10,202.2,83,103.5,78.25,77
2011,David Lighty,SG,6.50%,9,10,216.2,80,101,78.5,76.75
2011,Darius Morris,PG-SG,5.30%,8.75,10,190,79.5,102,77.25,75.25
2011,Cory Joseph,PG,9.70%,8.5,10.5,186.2,77.5,99,75.25,74
2011,Chris Singleton,SF,7.40%,9.25,10,230.2,85,103.5,81,79.75
2011,Charles Jenkins,PG-SG,4.30%,8.5,9,216.4,79.5,96.5,75.25,73.5
2011,Chandler Parsons,SF,7.00%,8.25,10,221.2,81.5,104.5,81.75,80.75
2011,Brandon Knight,PG,4.20%,8.25,9.5,176.8,78.75,98.5,75.25,73.5
2011,Andrew Goudelock,PG,9.90%,8.25,9.25,197.6,76.25,96.5,74.75,73.25
2011,Alec Burks,SG,5.10%,9,8.25,192.6,82,103.5,78,77
2012,William Buford,SG-SF,11.30%,8.75,10,214.6,81.5,102,77,76
2012,Will Barton,SG-SF,4.10%,9,9.5,174.4,81.75,102.5,78,77
2012,Tyshawn Taylor,PG,4.20%,8.75,8.75,177,78.25,97.5,76,74.75
2012,Tyler Zeller,PF-C,6.40%,9,9.75,247.4,84,104.5,84.5,83.25
2012,Tu Holloway,PG,8.50%,8.75,10,186.8,77.5,94.5,71.75,70.5
2012,Tony Wroten,PG,5.20%,8,9,203.2,81,101,78,76.75
2012,Tony Mitchell,SG,5.70%,8.5,10,216.4,82,100,78.25,77.25
2012,Tomas Satoransky,PG-SG,5.20%,8.5,9.5,200.6,79.25,100,79.5,78.5
2012,Thomas Robinson,PF,5.00%,9.75,10.5,244.2,87.25,106,80.75,79.75
2012,Terrence Ross,SG-SF,3.20%,8.75,10.25,196.6,79.25,100.5,79,78
2012,Terrence Jones,PF-SF,7.70%,9,10,252,86.25,107,81.5,80.25
2012,Scott Machado,PG,5.80%,8.5,9.5,205.8,76,94.5,74,73
2012,Royce White,PF,10.60%,9.5,11.5,260.6,84,104.5,80,79
2012,Robbie Hummel,SF,9.40%,8.5,9.5,218,80.5,102,80.5,79.25
2012,Quincy Miller,SF,7.80%,9.25,10.25,218.7,85.25,105,82,80.75
2012,Quincy Acy,PF,7.10%,9.5,11,223.8,86.75,106.5,79.75,78.5
2012,Perry Jones,PF-SF,4.60%,9.25,9.5,233.8,85.75,107,83.25,82.25
2012,Orlando Johnson,SG,7.00%,9,9.5,223.8,83.25,99,77.25,75.75
2012,Miles Plumlee,PF-C,11.40%,9.25,9,252.4,84.75,105.5,83.75,82.5
2012,Mike Scott,PF,10.60%,8.5,9,240.8,82.75,104,80.75,79.25
2012,Michael Kidd-Gilchrist,SF,7.00%,9,10.25,232.8,84,104.5,79.5,77.75
2012,Meyers Leonard,C,5.70%,9.25,11,249.8,87,108,85.25,83.75
2012,Maurice Harkless,SF,5.30%,9.25,10.25,206.6,84,102.5,80.75,79.25
2012,Marquis Teague,PG,6.30%,8.25,7.75,179.8,79.25,96.5,74,73
2012,Marcus Denmon,SG,6.60%,8.25,9.75,188.2,77,94.5,75.25,74.25
2012,Kyle O'Quinn,PF,8.00%,9.5,10,240.8,88.75,106.5,82,80.5
2012,Kris Joseph,SG,8.60%,9,9,215,83,104,79,78
2012,Kim English,SG,4.30%,8.5,8.75,192,78.5,98,77.75,76.5
2012,Khris Middleton,SF,7.80%,9,9,216.2,82.75,103,80.25,78.75
2012,Kevin Murphy,SG,5.80%,8.5,8.5,194,78.75,99,78.25,77
2012,Kevin Jones,PF,11.20%,9,7.75,251.2,85.5,105,79.5,78.25
2012,Kendall Marshall,PG,7.80%,8.5,9,198.4,77.5,96,76.25,75.25
2012,Jordan Taylor,PG,5.50%,8.25,9.5,192.8,75,92.5,74,73
2012,John Jenkins,SG,7.10%,9,9,212,80.5,98,76.25,75.25
2012,John Henson,PF,8.60%,9.25,10,216,89,112,82.5,81
2012,Jeremy Lamb,SG,4.50%,8.75,9.25,179.2,83,102,77.25,76
2012,Jeff Taylor,SF-SG,4.20%,8.25,9.75,212.8,78.25,101.5,79.25,78
2012,Jared Sullinger,PF,10.70%,9.25,9.75,268.2,85.25,105.5,81,79.75
2012,Jared Cunningham,SG-PG,3.60%,8.25,9,187.6,78.5,98,77,75.5
2012,Jae Crowder,SF,9.00%,9.5,10.5,241.2,81.25,99.5,78.5,76.75
2012,JaMychal Green,PF,9.80%,9.25,9.25,217.4,86.25,106.5,81,80
2012,J'Covan Brown,PG,12.50%,7.75,8.25,202.4,77.25,96,74.25,73
2012,Hollis Thompson,SF,6.00%,8.25,9.75,206,81.5,102.5,80,78.75
2012,Henry Sims,C-PF,7.70%,9.25,10,241.2,88,108,83.75,82
2012,Harrison Barnes,SF-SG,9.60%,9,8.5,227.8,83.25,101.5,80,79
2012,Festus Ezeli,C-PF,5.50%,9,10.75,264.2,89.75,108,83.5,81.75
2012,Fab Melo,C,9.20%,9,10,255,86.5,110,84,82.75
2012,Drew Gordon,PF,9.10%,8.5,9.75,239,83.5,103.5,80.75,80
2012,Draymond Green,PF-SF,11.30%,9,9.5,235.6,85.25,105,79.5,77.75
2012,Doron Lamb,SG-PG,6.70%,8.5,8.75,199.4,78.75,98.5,76.75,75.25
2012,Dion Waiters,SG,8.50%,8.5,9.5,221,79.25,98,76,74.5
2012,Darius Miller,SF-SG,7.50%,8.5,8.75,233.4,81,101,79.5,78
2012,Darius Johnson-Odom,SG,7.00%,8.75,8.75,212,79,96,75,73.5
2012,Damian Lillard,PG,5.90%,8.75,9.75,188.8,79.75,95.5,74.75,73.75
2012,Bradley Beal,SG,6.00%,8.5,9,201.8,80,100,76.75,75.25
2012,Bernard James,PF,5.00%,9,9.25,229.8,87,108.5,82,80.75
2012,Austin Rivers,SG-PG,6.20%,8.5,10,202.8,79.25,96.5,77,75.5
2012,Arnett Moultrie,PF,7.70%,9.25,9.25,232.8,86.25,106.5,82.75,81.5
2012,Anthony Davis,PF-C,7.90%,9,8.5,221.8,89.5,108,82.5,81.25
2012,Andrew Nicholson,PF,7.60%,10,10.75,234,88,107,81.5,80.5
2012,Andre Drummond,C,7.50%,9.5,9.5,278.6,90.25,109.5,83.75,81.75
2013,Will Clyburn,SF-SG,6.85%,9.25,10.25,210.4,84.25,105,79,77.75
2013,Victor Oladipo,SG,6.55%,8.75,9.25,213.2,81.25,100.5,76.25,75.25
2013,Vander Blue,SG,4.60%,8.5,9.5,197.4,78,100.5,77.25,75.5
2013,Trey Burke,PG,6.90%,8.25,8.75,187,77.5,97.5,73.25,71.75
2013,Trevor Mbakwe,PF,5.90%,9.5,11.5,235.8,88,106.5,80,78.75
2013,Tony Snell,SF-SG,4.85%,9,9.5,198.2,83.5,105.5,79.25,78
2013,Tony Mitchell,PF-SF,5.55%,9,10,236.4,86.5,106.5,80.75,79.5
2013,Tim Hardaway Jr.,SG,6.05%,8,9.25,199.4,79,101,78.25,76.5
2013,Steven Adams,C,6.65%,9.5,11,254.5,88.5,109.5,84,82.75
2013,Solomon Hill,SF,7.60%,9,10.5,226,81,103,79,77.5
2013,Shane Larkin,PG,3.80%,7.5,8.75,170.8,70.75,89.5,71.5,70.25
2013,Shabazz Muhammad,SF-SG,9.00%,9,10,221.8,83,104.5,78.25,76.75
2013,Seth Curry,SG,9.60%,8,8.25,179.2,76,97.5,75,73
2013,Ryan Kelly,PF,14.75%,9,10,228,83.5,110,83.75,81.75
2013,Rudy Gobert,C,4.40%,9.75,10,237.6,92.5,115,86,84.5
2013,Robert Covington,SF-PF,4.70%,9,8.5,208.6,85.75,106,79.5,78.25
2013,Ricky Ledo,SG,10.25%,8.5,9.25,197.2,79.25,102.5,78,76.75
2013,Richard Howell,PF,8.75%,8.75,9.5,249.6,82.25,105.5,79.5,78.25
2013,Reggie Bullock,SG-SF,6.95%,8.5,9,199.8,80.75,102,79,77.75
2013,Ray McCallum,PG,7.30%,8,8.75,191.4,75.25,96.5,73.75,72.25
2013,Pierre Jackson,PG,4.50%,7.5,8.25,176,70,90,70.5,69.5
2013,Phil Pressey,PG,4.70%,7.75,9.75,177,74.25,92,71.5,69.5
2013,Peyton Siva,PG,6.05%,8,9.75,180.6,75,93,73,71.5
2013,Otto Porter,SF,6.65%,8.75,9.25,197.6,85.5,105.5,80.5,79.5
2013,Norvel Pelle,PF-C,5.15%,8.75,9.5,207.2,86.5,109,82.5,81.5
2013,Nerlens Noel,C,4.15%,9.5,10,206.4,87.75,110,83.75,82
2013,Nate Wolters,PG,5.50%,8.25,8.75,196.4,75.75,98,76.75,75.5
2013,Myck Kabongo,PG,6.00%,8.25,9,180.4,78.25,98,74.75,73.25
2013,Mike Muscala,C-PF,6.80%,8.5,9,230.2,85,108,83.5,82.25
2013,Michael Carter-Williams,PG,4.40%,7.5,8.5,184.4,79.25,101,77.75,76.75
2013,Mason Plumlee,C-PF,6.15%,9.75,9.5,238.2,83,108,84.5,83.25
2013,Lorenzo Brown,PG,3.95%,8.25,8.5,189.2,79,100,77.25,76
2013,Kentavious Caldwell-Pope,SG,6.45%,8.5,9,203.6,80,100.5,77.5,76.5
2013,Kenny Kadji,PF-C,7.45%,9,10.25,241.6,87,106.5,82,80.75
2013,Kelly Olynyk,PF-C,6.65%,8.5,10,234,81.75,108,84,82.75
2013,Jeff Withey,C,8.65%,9,9.75,221.8,86,110.5,84.5,82.75
2013,James Southerland,SF-PF,8.05%,8,9.5,220.6,85,106,80,79
2013,James Ennis,SF,4.50%,8.5,8.75,200.8,83.5,104.5,79,77.75
2013,Jamaal Franklin,SG-SF,8.25%,8.5,8.25,190.8,83.25,103.5,77.25,76
2013,Jackie Carmichael,PF,5.80%,9,10.25,241.2,85.5,107,81,79.5
2013,Isaiah Canaan,PG,5.90%,8.25,9.5,188.4,76.5,94.5,72,71
2013,Grant Jerrett,PF,10.05%,8.5,9.25,232,86,109,82.25,80.75
2013,Gorgui Dieng,C,5.35%,9,10,229.6,87.5,111.5,82.75,81.75
2013,Glen Rice,SF-SG,8.45%,8.5,9,210.8,81.25,101.5,77.75,76.5
2013,Erik Murphy,PF,7.95%,8.75,9.75,239.8,82.5,108,81.5,80.75
2013,Erick Green,PG,4.35%,8.5,9,178.2,77.75,98,75,73.5
2013,Dewayne Dedmon,C,8.35%,9,11,238.8,88,109,83.5,82
2013,Deshaun Thomas,SF,9.10%,8,8.75,219.8,82,104,79,77
2013,Dennis Schroder,PG,4.10%,8.75,10.5,164.8,79.75,98,74,73
2013,Colton Iverson,C,9.60%,9.25,9.5,262.8,86,110,84,82.5
2013,Cody Zeller,C-PF,4.75%,8.5,10.5,230,82.75,106,84.25,82.75
2013,Carrick Felix,SF-SG,3.30%,8.5,9.5,202.6,81.25,103.5,78.25,76.75
2013,CJ McCollum,PG-SG,8.60%,8,9.5,197,78.25,96.5,75.25,74.25
2013,CJ Leslie,PF-SF,7.95%,8.75,9,209.2,86.25,104.5,80.75,79.5
2013,Brandon Paul,SG,5.25%,8.5,9.5,201,82.25,98,76,74.75
2013,Brandon Davies,PF,8.60%,9,11,241.8,85.5,108.5,82.25,80.5
2013,Ben McLemore,SG,5.00%,8.75,9.5,189.2,79.75,100.5,76.75,75.5
2013,BJ Young,SG-PG,4.70%,8.5,9.5,178.8,80.25,99,75.5,74.25
2013,Archie Goodwin,SG,4.55%,8.5,9,189,81.5,102,77.25,75.75
2013,Andre Roberson,PF-SF,7.05%,8.75,9.5,205.8,83,104.5,79,78.25
2013,Allen Crabbe,SG,4.65%,8.25,8.5,197.4,83.25,103.5,78.25,77.25
2013,Alex Len,C,6.40%,9,10.75,,87.5,0,0,0
2013,Adonis Thomas,SF,7.50%,9.25,9.5,231.8,85,99,77.75,76.75
2014,Zach LaVine,PG,4.70%,8.25,8.75,180.9,80.25,100,77.75,76.5
2014,Xavier Thames,PG,6.40%,8.25,9,187,76,96,75.5,74.25
2014,Tyler Ennis,PG,6.20%,8.25,8.75,181.5,79.25,98,74.5,73
2014,Thanasis Antetokounmpo,SF,6.05%,9,9.75,205.2,84,104.5,78.25,77.25
2014,T.J. Warren,SF,7.95%,8.75,9,220.2,82.25,104,80.25,79
2014,Spencer Dinwiddie,PG,5.35%,8.25,9,204.9,80.25,103,78,76.5
2014,Shabazz Napier,PG,7.35%,8.25,8.5,175.2,75.25,93,73,71
2014,Semaj Christon,PG,5.25%,8.5,8.25,186,78.5,99,75.25,73.5
2014,Sean Kilpatrick,SG,9.20%,9,9,218.7,79,99,76.25,74.5
2014,Russ Smith,PG,3.50%,8.25,8.5,160,75.5,95,72.75,71.5
2014,Rodney Hood,SF,7.45%,8.5,8.5,208.2,80.5,103,80.5,79.25
2014,Patric Young,PF,5.45%,9.25,9.5,246.8,85.75,103.5,82,80.5
2014,P.J. Hairston,SG,8.20%,8.75,9.75,228.8,81,101,77.25,76.25
2014,Noah Vonleh,PF,7.30%,9.75,11.75,247.1,88.25,108,81.5,80
2014,Nik Stauskas,SG,12.05%,8.5,8.5,206.9,79.75,102,78.5,77.25
2014,Nick Johnson,SG,6.05%,8.75,9.75,198,79.25,96.5,75,73.5
2014,Melvin Ejim,SF,6.45%,8.75,9.25,218.5,83.25,103.5,79,77.25
2014,Markel Brown,SG,4.20%,8.25,9.75,184.4,80.75,100,75.5,74.5
2014,Marcus Smart,PG,10.55%,9,8.75,227.2,81.25,99,75.25,74
2014,Lamar Patterson,SG,10.75%,9,9.25,226,83,101,77.25,76
2014,LaQuinton Ross,SF,16.30%,8.75,9.75,238.7,85.75,106,79.5,78.5
2014,Kyle Anderson,SF,13.35%,8.25,8.75,230.1,86.75,107.5,80.5,79.5
2014,Khem Birch,PF,6.00%,9,8.5,208.8,85,107,81.25,79.5
2014,Kendall Williams,PG,7.20%,8,7.75,183,77.5,99,75.75,74.25
2014,K.J. McDaniels,SF,4.45%,8.75,9.75,195.6,83.25,102,78,76.5
2014,Julius Randle,PF,9.40%,8.75,8.25,249.7,84,105.5,81,79.75
2014,Jordan McRae,SG,5.20%,8.75,8.5,179.4,84.5,104,77.25,75.75
2014,Jordan Clarkson,PG,4.30%,8.25,9,186.3,80,98,77,75.25
2014,Jordan Bachynski,PF,7.45%,9.25,10,254.1,88,108.5,86,85.25
2014,Jordan Adams,SG,10.80%,8.5,7.5,208.8,82,102,76.75,75.5
2014,Johnny O?Bryant III,PF,10.75%,9.25,9.5,256.8,86.25,105,80.5,79.25
2014,Joe Harris,SG,6.20%,8.5,9.75,215,78,100,78.25,76.75
2014,Jerami Grant,SF,3.75%,9.25,9.25,214,86.75,107,79.75,78.5
2014,Jarnell Stokes,PF,8.20%,9.75,10.5,262.8,85.25,103.5,80.5,79
2014,James Young,SG,5.10%,9,9.5,213.3,84,104,78.75,77.25
2014,James McAdoo,PF,6.15%,9.25,9,227.6,86.25,106.5,80.75,79.5
2014,Jabari Brown,SG,6.05%,9,9.25,201.9,80.25,100,76.25,75
2014,Glenn Robinson III,SF,5.05%,9,9.5,211.4,82,100.5,78.75,77.5
2014,Gary Harris,SG,4.55%,8.5,9.5,204.8,78.75,96,76.5,74.5
2014,Elfrid Payton,PG,5.65%,8.75,9,185.4,80,98.5,75.75,74.5
2014,Dwight Powell,PF,6.20%,9,9.25,234.4,84.5,105,83,81.5
2014,Doug McDermott,SF,7.10%,8.75,9.75,218,81.25,103,79.75,78.25
2014,Devyn Marble,SG,6.90%,8.25,8.5,192.4,81,102,78.5,77
2014,Deonte Burton,PG,7.65%,8.25,8,192.8,79,97.5,73.25,72
2014,DeAndre Daniels,SF,3.85%,9.25,10.5,196,86,106.5,80.5,79.25
2014,Dante Exum,SG,6.40%,8.5,9.5,196.3,81.5,103,78,76.5
2014,Cory Jefferson,PF,5.25%,8.75,9.75,218.4,84.5,105,81,79.75
2014,Cleanthony Early,SF,4.45%,8.5,9,209.4,82.75,101.5,79.25,78
2014,Cameron Bairstow,PF,8.70%,8.75,9,252.4,84.75,107,81.75,80.75
2014,C.J. Wilcox,SG,6.50%,8.75,9,201,81.75,100.5,77,75.5
2014,C.J. Fair,SF,5.05%,9,9,218.1,81.5,104,80,78.5
2014,Alex Kirk,PF,13.60%,9.25,10.5,252,87.5,109.5,82.75,81.25
2014,Alec Brown,PF,7.70%,9.25,8.75,231.2,85.5,109,85.25,84.25
2014,Adreian Payne,PF,7.55%,9.25,9.5,238.5,88,109,81.75,81
2014,Aaron Gordon,PF,5.05%,8.75,10.5,220.1,83.75,105,80.75,79.5
2014,Aaron Craft,PG,6.10%,7.75,8.5,191.6,74,94.5,73.75,72.75
2015,Willie Cauley-Stein,C,6.30%,9.5,9,242.4,87,111,84.5,83.25
2015,Vince Hunter,PF,4.60%,9,8.75,208.4,83,104.5,79.5,78.75
2015,Tyus Jones,PG,6.50%,8.25,8.75,184.6,77,97,74,72.5
2015,Tyler Harvey,SG,9.20%,7.75,8.75,181.4,77.5,98.5,76,74.75
2015,Trey Lyles,PF,12.10%,9.25,10.25,241.2,85.5,108,82.25,81
2015,Treveon Graham,SF,5.50%,8.5,8.25,219.4,82.5,103,77.75,76
2015,Terry Rozier,PG-SG,5.60%,8.25,8.5,190.2,80.25,98.5,74.25,72.5
2015,Terran Petteway,SG,4.90%,8.25,8.25,209.2,83.25,104.5,78,76.75
2015,TJ McConnell,PG,7.30%,7.5,7,187.8,74,96.5,74,72.5
2015,Stanley Johnson,SF,7.50%,9,9,241.8,83.5,102,78.5,77
2015,Sam Dekker,SF,7.50%,8.5,9.25,218.6,83.5,106,81,79.75
2015,Ryan Boatright,PG,6.60%,7.5,8.75,169.6,72.5,92.5,71,70
2015,Rondae Hollis-Jefferson,SF,5.00%,8.75,9.75,210.8,86,104,79,77.5
2015,Robert Upshaw,C,12.50%,10,11,258.2,89.5,113,84,82.75
2015,Richaun Holmes,PF,8.80%,8.5,8.5,242.8,85.5,108,81.5,80.25
2015,Rashad Vaughn,SG,6.20%,8,8.5,198.6,79,101,77,75.75
2015,Rakeem Christmas,PF-C,9.60%,9.25,9,242.6,89.25,110.5,81.75,80.25
2015,R.J. Hunter,SG,6.00%,8.5,8.25,185,82.5,104,78,76.5
2015,Quinn Cook,PG,6.70%,7.5,8.75,179,76,96.5,74,72.25
2015,Pat Connaughton,SG,10.20%,8.5,9.25,215,80,96,77.25,76
2015,Olivier Hanlan,PG-SG,4.30%,8,8.75,185.8,78,100,76.25,75.25
2015,Norman Powell,SG,6.40%,9.25,9,215.4,82.75,102.5,76.25,75
2015,Myles Turner,C-PF,9.30%,9.25,9.25,238.6,88,112,83.5,81.75
2015,Montrezl Harrell,PF,11.90%,9,9.75,253.4,88.25,109,79.5,79
2015,Michael Qualls,SG-SF,4.00%,9,10.25,201.4,84.25,104.5,77,76
2015,Michael Frazier II,SG,7.40%,8.25,9.25,199.4,80,101.5,76.25,75.75
2015,Marcus Thornton,PG-SG,5.30%,8.25,8.5,177.4,79.75,97.5,74.75,73.75
2015,Larry Nance,PF,6.40%,9,9.75,226.6,85.5,108,80.5,79.5
2015,Kevon Looney,PF,11.90%,9.5,9.25,222.4,87.5,110,81.25,80
2015,Kelly Oubre,SF-SG,5.70%,9,8.75,202.8,86.25,102.5,78.75,77.75
2015,Keifer Sykes,PG,5.00%,8.5,9.5,167.2,74,93,71.75,70.5
2015,Justise Winslow,SF,5.30%,8.5,9.25,221.8,82.25,104.5,78.5,76.5
2015,Justin Anderson,SF-SG,5.00%,8.5,9.5,230.6,83.75,101,78.25,77.25
2015,Jordan Mickey,PF,7.20%,8.75,9.5,238,87.25,106,80.25,79
2015,Jonathan Holmes,PF-SF,7.20%,8.25,9.5,242.2,83.5,107.5,81.25,80.25
2015,Jerian Grant,PG,5.60%,8.25,8.5,198,79.5,100,76.25,75.25
2015,Jarell Martin,PF,10.10%,8.25,9.5,238.6,81,106.5,81.25,80
2015,J.P. Tokoto,SF-SG,4.10%,8,8.75,195.8,82,100.5,78.25,77.25
2015,Frank Kaminsky,C-PF,9.40%,8.5,9.5,231.2,83,109.5,84.75,83.75
2015,Dez Wells,SG,8.10%,8.75,9.75,208.8,81.5,100.5,76,75
2015,Devin Booker,SG,8.30%,8.75,9,205.8,80.25,102.5,77.75,76.5
2015,Delon Wright,PG,6.60%,8,8.5,181.4,79.5,101.5,77.5,76.25
2015,Dakari Johnson,C,14.90%,9.25,10.5,264.6,86,112,83.75,83
2015,D'Angelo Russell,PG-SG,8.30%,8.75,9.75,193.4,81.75,102,77,75.25
2015,Corey Hawkins,SG-PG,5.50%,8.75,9,191.8,80,99.5,73.75,72.75
2015,Cliff Alexander,PF-C,5.80%,9.5,10.25,239.2,87.5,109.5,80.5,79.25
2015,Christian Wood,PF,14.70%,9.25,10.75,216,87.25,111.5,82.5,81.25
2015,Chris Walker,PF,5.10%,9,9,208,86.75,108,81.25,80.75
2015,Chris McCullough,PF,6.20%,8.75,8.75,199,87.25,109,81,80.25
2015,Chasson Randle,PG,4.50%,8.5,9.5,178.8,79,96.5,73.5,72.25
2015,Cameron Payne,PG,6.30%,8.5,8.25,182.8,79.25,97.5,73.5,72.75
2015,Brandon Ashley,PF,8.80%,9,9.5,228,87.75,105,80.5,79.25
2015,Branden Dawson,PF,5.80%,9,8.75,230.2,83,105,78.75,77.5
2015,Bobby Portis,PF,8.90%,9.5,9.25,246.2,86,108.5,82.5,81.5
2015,Anthony Brown,SF-SG,6.10%,8.5,9,211,83,104.5,79.25,77.75
2015,Andrew Harrison,PG,5.90%,8.25,9.25,213.2,81,100,77.5,76.5
2015,Alan Williams,PF,12.00%,8.5,9.5,261.4,85.75,106.5,80.25,79.25
2015,Aaron Harrison,SG,6.00%,8.75,10,209.2,80.25,100.5,78,76.5
